matrix_name,m,n,nnz_original,nnz_bicg,standalone_gflops,bicg_gflops,perf_ratio,standalone_working_set,bicg_working_set,gflops_change_pct,nnz_change_pct,working_set_change_pct,device,cache_category
scircuit,170998,170998,958936,959020,116.67943733333334,83.95818384101825,0.7195628103790386,14.239038696289063,24.67,-28.043718962096143,0.008759708677117138,73.25607806957801,ARM-GRACE-72,Both in LLC
mac_econ_fwd500,206500,206500,1273389,1457389,133.163531,113.31697146961586,0.8509609997471144,18.514287109375,33.22,-14.90390002528856,14.449630081616851,79.42899882533705,ARM-GRACE-72,Both in LLC
raefsky3,21200,21200,1488768,1488768,157.93104033333336,147.91472266666668,0.9365779035867428,17.44,18.74,-6.34220964132572,0.0,7.454128440366955,ARM-GRACE-72,Both in LLC
rgg_n_2_17_s0,131072,131072,1457506,1588578,145.47222433333334,113.97956637232501,0.7835142886875337,19.18,28.679999999999996,-21.648571131246626,8.992896084132758,49.53076120959331,ARM-GRACE-72,Both in LLC
bbmat,38744,38744,1771722,1771722,171.68437000000003,158.343571,0.9222946212284786,21.01,23.38,-7.770537877152142,0.0,11.280342693955246,ARM-GRACE-72,Both in LLC
appu,14000,14000,1853104,1853104,159.67833133333332,140.43311400000002,0.8794750848619634,21.47,22.33,-12.052491513803668,0.0,4.0055891942244966,ARM-GRACE-72,Both in LLC
mc2depi,525825,525825,2100225,2100225,161.510441,157.770562,0.9768443515054239,34.06,66.16,-2.315564849457611,0.0,94.24544920728124,ARM-GRACE-72,Both in LLC
rma10,46835,46835,2374001,2374001,196.55395233333334,189.62669566666668,0.9647564621090966,28.06,30.92,-3.5243537890903456,0.0,10.192444761225955,ARM-GRACE-72,Both in LLC
cop20k_A,121192,121192,2624331,2645680,174.77752933333332,117.18018485714146,0.6704533775257631,32.34568008422852,39.99,-32.95466224742369,0.8135025650346697,23.633202009868356,ARM-GRACE-72,Both in LLC
thermomech_dK,204316,204316,2846228,2846228,176.25228766666666,114.41347400000001,0.6491460367106384,36.47,48.94,-35.085396328936156,0.0,34.19248697559638,ARM-GRACE-72,Both in LLC
webbase-1M,1000005,1000005,3105536,3105536,134.98147600000001,90.940209,0.6737236226398946,54.60999999999999,115.65000000000002,-32.62763773601055,0.0,111.77440029298671,ARM-GRACE-72,LLC Spill (In -> Out)
cant,62451,62451,4007383,4007383,263.675054,244.30801233333332,0.9265495868006283,47.04999999999999,50.85999999999999,-7.345041319937177,0.0,8.097768331562175,ARM-GRACE-72,Both in LLC
ASIC_680k,682862,682862,3871773,3871848,150.591445,110.429439874594,0.7333048691749654,57.32914169311524,99.01,-26.66951308250346,0.0019370970353892133,72.70448689080983,ARM-GRACE-72,Both in LLC
roadNet-TX,1393383,1393383,3843320,5236703,172.44127733333335,50.008883447960805,0.2900052946794889,70.56399703979493,171.55000000000004,-70.9994705320511,36.25467044118106,143.11264553686428,ARM-GRACE-72,LLC Spill (In -> Out)
pdb1HYS,36417,36417,4344765,4344765,249.11126733333333,239.02032633333332,0.9594922336993396,50.419999999999995,52.64000000000001,-4.050776630066045,0.0,4.403014676715616,ARM-GRACE-72,Both in LLC
TSOPF_RS_b300_c3,42138,42138,4413449,4413731,257.5505703333333,248.50480596807225,0.9648777156519062,51.30677276611328,53.89000000000001,-3.5122284348093857,0.006389560636137406,5.034865953589805,ARM-GRACE-72,Both in LLC
Chebyshev4,68121,68121,5377761,5377761,245.76624333333334,222.08189166666668,0.903630574543374,62.84,67.0,-9.636942545662594,0.0,6.619987269255246,ARM-GRACE-72,Both in LLC
consph,83334,83334,6010480,6010480,265.25123633333334,241.01196000000002,0.9086176687867628,70.37,75.46,-9.138233121323719,0.0,7.233195964189269,ARM-GRACE-72,Both in LLC
com-Youtube,1134890,1134890,5975248,7110138,41.36956,37.43755220074172,0.9049540821981602,90.03221466064453,172.28,-9.50459178018398,18.993186558951194,91.35372893954609,ARM-GRACE-72,LLC Spill (In -> Out)
rajat30,643994,643994,6175377,6185006,175.80651933333334,124.35888220534805,0.707362176766384,82.9498048400879,122.37,-29.263782323361596,0.15592570299756597,47.522951061677674,ARM-GRACE-72,LLC Spill (In -> Out)
radiation,223104,223104,7637688,7637688,205.56864233333332,158.5668433333333,0.7713571560988094,91.66000000000001,105.28000000000002,-22.864284390119057,0.0,14.85926249181759,ARM-GRACE-72,Both in LLC
Stanford_Berkeley,683446,683446,7583376,8266822,132.372918,111.62370903695955,0.8432518578834951,99.81858123779297,149.36,-15.674814211650487,9.01242401800992,49.63145954177301,ARM-GRACE-72,LLC Spill (In -> Out)
shipsec1,140874,140874,7813404,7813404,281.144429,238.90585233333334,0.8497620002042913,92.09999999999998,100.7,-15.023799979570876,0.0,9.337676438653663,ARM-GRACE-72,Both in LLC
PR02R,161070,161070,8185136,8185136,265.7098976666667,240.68133066666667,0.9058049127270434,96.74,106.57,-9.41950872729565,0.0,10.16125697746537,ARM-GRACE-72,Both in LLC
CurlCurl_2,806529,806529,8921789,8921789,243.29130999999998,116.70427600000001,0.47968945541047076,117.49,166.71,-52.03105445895293,0.0,41.89292705762194,ARM-GRACE-72,Both Out of LLC
gupta3,16783,16783,9323427,9323427,265.41685333333334,235.90001399999997,0.8887906364549368,107.02,108.04,-11.120936354506313,0.0,0.9530928798355545,ARM-GRACE-72,Both in LLC
mip1,66463,66463,10352819,10352819,241.9138343333333,207.90273333333334,0.8594082017106304,119.75,123.8,-14.059179828936957,0.0,3.382045929018787,ARM-GRACE-72,Both Out of LLC
pwtk,217918,217918,11634424,11634424,252.52072466666667,214.04553666666666,0.8476355235761811,137.3,150.6,-15.236447642381892,0.0,9.686817188638006,ARM-GRACE-72,Both Out of LLC
crankseg_2,63838,63838,14148858,14148858,205.47197300000002,159.505045,0.7762861409813784,163.14,167.03,-22.37138590186216,0.0,2.3844550692656705,ARM-GRACE-72,Both Out of LLC
Si41Ge41H72,185639,185639,15011265,15011265,185.37383166666666,128.67186866666668,0.6941209959884757,175.33,186.66,-30.58790040115244,0.0,6.462100039924704,ARM-GRACE-72,Both Out of LLC
TSOPF_RS_b2383,38120,38120,16171169,16173498,183.08801566666668,155.81726159253967,0.8510511243741008,185.7933467102051,188.14,-14.894887562589917,0.014402174635612304,1.263044845978864,ARM-GRACE-72,Both Out of LLC
in-2004,1382908,1382908,16917053,17922551,109.97733733333332,53.853125888582525,0.48967475658514636,219.97298858642577,315.89,-51.03252434148536,5.943694803107846,43.603995213207334,ARM-GRACE-72,Both Out of LLC
Ga41As41H72,268096,268096,18488476,18488476,122.768221,89.80578433333334,0.7315067661796072,216.69999999999996,233.06000000000003,-26.849323382039287,0.0,7.549607752653471,ARM-GRACE-72,Both Out of LLC
eu-2005,862664,862664,19235140,19596377,103.84381966666666,65.41666701838442,0.6299524346115981,236.58597061157226,293.37,-37.00475653884019,1.8780055668947562,24.0014356056877,ARM-GRACE-72,Both Out of LLC
wikipedia-20051105,1634989,1634989,19753078,21370879,46.98453433333333,38.26069170047627,0.8143252294262306,257.2457368469238,375.55,-18.567477057376937,8.1901210535391,45.988813887895105,ARM-GRACE-72,Both Out of LLC
kron_g500-logn18,262144,262144,21165908,21427516,59.144877666666666,54.029230078203994,0.9135064981063307,247.22613403320312,266.22,-8.64935018936693,1.2359876079967842,7.6827905112353445,ARM-GRACE-72,Both Out of LLC
rajat31,4690002,4690002,20316253,20317504,71.89847400000001,41.41531046445216,0.5760248884343798,321.95568344116214,608.23,-42.39751115656202,0.006157631527821592,88.91730485980221,ARM-GRACE-72,Both Out of LLC
human_gene1,22283,22283,24669643,24669643,93.35526233333333,94.79260466666666,1.0153964789708498,282.75,284.11,1.5396478970849805,0.0,0.4809902740937272,ARM-GRACE-72,Both Out of LLC
delaunay_n22,4194304,4194304,25165738,29360042,42.16481033333333,23.807956377143967,0.564640423825709,368.0,672.0,-43.53595761742909,16.666723622410757,82.6086956521739,ARM-GRACE-72,Both Out of LLC
sx-stackoverflow,2601977,2601977,36233450,37477661,30.53527733333333,30.670309885739226,1.0044221819547219,464.29113510131833,637.34,0.4422181954721921,3.4338739479679683,37.27162804022065,ARM-GRACE-72,Both Out of LLC
dgreen,1200611,1200611,38259877,38259877,59.103409,53.18051466666666,0.8997876022120257,460.75,534.03,-10.021239778797428,0.0,15.904503526858377,ARM-GRACE-72,Both Out of LLC
ldoor,952203,952203,46522475,46522475,66.68131,58.94252699999999,0.8839437467560249,550.57,608.69,-11.605625324397504,0.0,10.556332528107234,ARM-GRACE-72,Both Out of LLC
dielFilterV2real,1157456,1157456,48538952,48538952,68.44553666666667,59.892081999999995,0.8750326890075762,577.56,648.21,-12.496731099242371,0.0,12.232495325161038,ARM-GRACE-72,Both Out of LLC
circuit5M,5558326,5558326,59524291,59526170,53.663969666666674,43.06258864564725,0.8024488108712453,787.2184965515138,1126.49,-19.755118912875467,0.0031566944661298025,43.09750151129548,ARM-GRACE-72,Both Out of LLC
soc-LiveJournal1,4847571,4847571,68993773,73322962,29.772581000000002,29.118525387633593,0.9780316119597958,882.0263636779786,1227.45,-2.1968388040204156,6.274753230266157,39.162506989205276,ARM-GRACE-72,Both Out of LLC
bone010,986703,986703,71666325,71666325,80.99435333333334,73.29296366666667,0.9049144866312903,838.98,899.2000000000002,-9.508551336870978,0.0,7.17776347469548,ARM-GRACE-72,Both Out of LLC
audikw_1,943695,943695,77651847,77651847,59.202432666666674,55.02959833333333,0.9295158299182051,906.65,964.25,-7.048417008179484,0.0,6.3530579606242785,ARM-GRACE-72,Both Out of LLC
cage15,5154859,5154859,99199551,99199551,53.82792233333333,48.914144,0.9087132083065662,1233.57,1548.2,-9.12867916934338,0.0,25.505646213834655,ARM-GRACE-72,Both Out of LLC
scircuit,170998,170998,958936,959020,134.886518,126.97649189588816,0.9413579190760055,14.239038696289063,28.59,-5.864208092399446,0.008759708677117138,100.7860264292353,NVIDIA-H100,Small (<= 128MB)
mac_econ_fwd500,206500,206500,1273389,1457389,162.64575866666667,139.95137326855152,0.8604674011535338,18.514287109375,37.95,-13.953259884646615,14.449630081616851,104.97683640642809,NVIDIA-H100,Small (<= 128MB)
raefsky3,21200,21200,1488768,1488768,196.582821,190.02268633333333,0.9666291559288048,17.44,19.22,-3.3370844071195163,0.0,10.20642201834861,NVIDIA-H100,Small (<= 128MB)
rgg_n_2_17_s0,131072,131072,1457506,1588578,171.025082,158.78633918771675,0.9284389010713455,19.18,31.679999999999996,-7.156109892865451,8.992896084132758,65.1720542231491,NVIDIA-H100,Small (<= 128MB)
bbmat,38744,38744,1771722,1771722,218.70435799999998,210.41359033333333,0.9620914382206016,21.01,24.27,-3.790856177939835,0.0,15.516420752022835,NVIDIA-H100,Small (<= 128MB)
appu,14000,14000,1853104,1853104,186.70975166666668,178.51484533333334,0.95610884669825,21.47,22.649999999999995,-4.389115330174998,0.0,5.496040987424296,NVIDIA-H100,Small (<= 128MB)
mc2depi,525825,525825,2100225,2100225,195.82966066666665,167.10841866666667,0.8533355881727839,34.06,78.19,-14.666441182721615,0.0,129.56547269524364,NVIDIA-H100,Small (<= 128MB)
rma10,46835,46835,2374001,2374001,262.61784266666666,255.0383896666667,0.9711388498091489,28.06,31.99,-2.8861150190851106,0.0,14.005702066999287,NVIDIA-H100,Small (<= 128MB)
cop20k_A,121192,121192,2624331,2645680,102.83533633333333,233.71931702766508,2.272752979287983,32.34568008422852,42.76,127.27529792879828,0.8135025650346697,32.196942184095285,NVIDIA-H100,Small (<= 128MB)
thermomech_dK,204316,204316,2846228,2846228,246.86849433333336,229.424797,0.9293401234513949,36.47,53.62,-7.065987654860508,0.0,47.02495201535508,NVIDIA-H100,Small (<= 128MB)
webbase-1M,1000005,1000005,3105536,3105536,229.796545,206.60788200000002,0.8990904628265843,54.60999999999999,138.54,-10.090953717341568,0.0,153.68980040285663,NVIDIA-H100,Small (<= 128MB)
cant,62451,62451,4007383,4007383,296.54728166666666,292.171406,0.9852439191414158,47.04999999999999,52.29,-1.4756080858584184,0.0,11.137088204038278,NVIDIA-H100,Small (<= 128MB)
ASIC_680k,682862,682862,3871773,3871848,256.990884,237.62795358262258,0.9246551857560154,57.32914169311524,114.64,-7.534481424398468,0.0019370970353892133,99.96810804123258,NVIDIA-H100,Small (<= 128MB)
roadNet-TX,1393383,1393383,3843320,5236703,230.16884566666667,172.35801623503184,0.7488329523303202,70.56399703979493,203.43999999999997,-25.116704766967974,36.25467044118106,188.30566370165926,NVIDIA-H100,Small (<= 128MB)
pdb1HYS,36417,36417,4344765,4344765,311.1724096666667,304.3750556666667,0.9781556661553592,50.419999999999995,53.47,-2.1844333844640755,0.0,6.049186830622777,NVIDIA-H100,Small (<= 128MB)
TSOPF_RS_b300_c3,42138,42138,4413449,4413731,323.3959426666667,315.5000929302552,0.9755845739086777,51.30677276611328,54.85,-2.441542609132226,0.006389560636137406,6.905963955360924,NVIDIA-H100,Small (<= 128MB)
Chebyshev4,68121,68121,5377761,5377761,357.4471866666666,344.9356866666667,0.9649976263160035,62.84,68.56,-3.5002373683996453,0.0,9.102482495225967,NVIDIA-H100,Small (<= 128MB)
consph,83334,83334,6010480,6010480,345.1789953333334,338.878899,0.9817483206727295,70.37,77.37,-1.8251679327270454,0.0,9.94742077589882,NVIDIA-H100,Small (<= 128MB)
com-Youtube,1134890,1134890,5975248,7110138,250.42245433333332,222.93444692474964,0.8902334557747172,90.03221466064453,198.26,-10.976654422528275,18.993186558951194,120.21006674921293,NVIDIA-H100,Small (<= 128MB)
rajat30,643994,643994,6175377,6185006,311.34927366666665,289.23025469208966,0.9289575378991961,82.9498048400879,137.11,-7.104246210080391,0.15592570299756597,65.29273367709919,NVIDIA-H100,Small (<= 128MB)
radiation,223104,223104,7637688,7637688,258.4047126666667,255.4205833333333,0.9884517224839362,91.66000000000001,110.39,-1.1548277516063767,0.0,20.434213397337974,NVIDIA-H100,Small (<= 128MB)
Stanford_Berkeley,683446,683446,7583376,8266822,384.81616,331.1206120937482,0.8604644152515534,99.81858123779297,165.0,-13.953558474844668,9.01242401800992,65.29988500530627,NVIDIA-H100,Small (<= 128MB)
shipsec1,140874,140874,7813404,7813404,382.32607966666666,380.38635999999997,0.9949265305982845,92.09999999999998,103.93,-0.5073469401715537,0.0,12.844733984799165,NVIDIA-H100,Small (<= 128MB)
PR02R,161070,161070,8185136,8185136,388.2481493333333,385.221963,0.9922055357159343,96.74,110.26,-0.7794464284065696,0.0,13.975604713665508,NVIDIA-H100,Small (<= 128MB)
CurlCurl_2,806529,806529,8921789,8921789,365.49122733333337,330.12354933333336,0.9032324845166689,117.49,185.17,-9.676751548333106,0.0,57.60490254489743,NVIDIA-H100,Small (<= 128MB)
gupta3,16783,16783,9323427,9323427,433.67551699999996,426.12673366666667,0.9825934759113153,107.02,108.43,-1.7406524088684698,0.0,1.317510745655028,NVIDIA-H100,Small (<= 128MB)
mip1,66463,66463,10352819,10352819,443.09457466666663,441.87910133333327,0.9972568534962367,119.75,125.32,-0.2743146503763324,0.0,4.651356993736947,NVIDIA-H100,Small (<= 128MB)
pwtk,217918,217918,11634424,11634424,434.81920966666667,433.576333,0.9971416242911175,137.3,155.59,-0.2858375708882505,0.0,13.321194464675884,NVIDIA-H100,Large (> 128MB)
crankseg_2,63838,63838,14148858,14148858,466.40909533333337,464.20944966666667,0.9952838705576814,163.14,168.5,-0.47161294423185596,0.0,3.285521637857064,NVIDIA-H100,Large (> 128MB)
Si41Ge41H72,185639,185639,15011265,15011265,461.26156799999995,460.99863166666665,0.9994299626251687,175.33,190.91,-0.05700373748313243,0.0,8.886100496207144,NVIDIA-H100,Large (> 128MB)
TSOPF_RS_b2383,38120,38120,16171169,16173498,517.25227,515.3148954488341,0.9962544880640818,185.7933467102051,189.02,-0.37455119359182654,0.014402174635612304,1.7366893631706564,NVIDIA-H100,Large (> 128MB)
in-2004,1382908,1382908,16917053,17922551,442.2039893333333,384.9229229021601,0.8704646095175891,219.97298858642577,347.54,-12.953539048241092,5.943694803107846,57.992125412004434,NVIDIA-H100,Large (> 128MB)
Ga41As41H72,268096,268096,18488476,18488476,490.3331073333334,483.31180133333334,0.9856805386073454,216.69999999999996,239.19999999999996,-1.4319461392654613,0.0,10.383017997231198,NVIDIA-H100,Large (> 128MB)
eu-2005,862664,862664,19235140,19596377,472.6255026666667,435.45834634742096,0.9213602395352352,236.58597061157226,313.11,-7.863976046476484,1.8780055668947562,32.34512561780985,NVIDIA-H100,Large (> 128MB)
wikipedia-20051105,1634989,1634989,19753078,21370879,266.6424406666667,251.16162950361277,0.9419416836856565,257.2457368469238,412.97,-5.805831631434354,8.1901210535391,60.535216272890544,NVIDIA-H100,Large (> 128MB)
kron_g500-logn18,262144,262144,21165908,21427516,286.95672566666667,285.78728918708435,0.995924693952144,247.22613403320312,272.22,-0.40753060478559805,1.2359876079967842,10.109718401955096,NVIDIA-H100,Large (> 128MB)
rajat31,4690002,4690002,20316253,20317504,301.79997366666663,300.7632527737898,0.9965648741440188,321.95568344116214,715.57,-0.3435125855981211,0.006157631527821592,122.25729713846518,NVIDIA-H100,Large (> 128MB)
human_gene1,22283,22283,24669643,24669643,496.84540633333336,509.42974733333335,1.0253284841513803,282.75,284.62,2.5328484151380413,0.0,0.6613616268788699,NVIDIA-H100,Large (> 128MB)
delaunay_n22,4194304,4194304,25165738,29360042,323.87822,288.0546396597171,0.8893918203567907,368.0,768.0,-11.060817964320938,16.666723622410757,108.69565217391303,NVIDIA-H100,Large (> 128MB)
sx-stackoverflow,2601977,2601977,36233450,37477661,250.07465633333334,246.53380618965298,0.9858408277128226,464.29113510131833,696.89,-1.4159172287177453,3.4338739479679683,50.097632135044655,NVIDIA-H100,Large (> 128MB)
dgreen,1200611,1200611,38259877,38259877,286.6639886666667,279.6809953333333,0.9756404933671206,460.75,561.51,-2.4359506632879477,0.0,21.868692349430276,NVIDIA-H100,Large (> 128MB)
ldoor,952203,952203,46522475,46522475,543.8605396666667,525.0560043333334,0.9654239755197929,550.57,630.48,-3.4576024480207113,0.0,14.51404907641171,NVIDIA-H100,Large (> 128MB)
dielFilterV2real,1157456,1157456,48538952,48538952,525.8011533333333,510.11823133333337,0.9701732833779888,577.56,674.7,-2.9826716622011142,0.0,16.81903178890507,NVIDIA-H100,Large (> 128MB)
circuit5M,5558326,5558326,59524291,59526170,349.52881899999994,348.9816680483302,0.9984346041816091,787.2184965515138,1253.71,-0.15653958183909325,0.0031566944661298025,59.258199025047944,NVIDIA-H100,Large (> 128MB)
soc-LiveJournal1,4847571,4847571,68993773,73322962,319.8343066666667,310.32332858218643,0.9702627958094794,882.0263636779786,1338.4,-2.9737204190520616,6.274753230266157,51.74149607263215,NVIDIA-H100,Large (> 128MB)
bone010,986703,986703,71666325,71666325,566.7452046666666,549.5813246666667,0.969714997394473,838.98,921.7800000000001,-3.028500260552703,0.0,9.869126796824723,NVIDIA-H100,Large (> 128MB)
audikw_1,943695,943695,77651847,77651847,563.632838,550.7758306666666,0.9771890378513869,906.65,985.85,-2.2810962148613134,0.0,8.735454695858385,NVIDIA-H100,Large (> 128MB)
cage15,5154859,5154859,99199551,99199551,441.41617933333333,434.45204566666666,0.9842232025178947,1233.57,1666.18,-1.5776797482105285,0.0,35.06975688448974,NVIDIA-H100,Large (> 128MB)
